name,source_xrefs,page,num,object_id,generation,width,height
orange-green-pistol.png,"211,159,179,52",1,0,211,0,178,178
yellow-rubber-duck.png,210,1,20,210,0,178,178
colorful-beads.png,"208,148",1,52,208,0,178,178
super-blue-paint-can.png,"207,153",1,84,207,0,178,178
blue-green-bottle.png,"206,151,171,48",1,116,206,0,178,178
blue-phone-box.png,"205,155",1,136,205,0,178,178
industrial-tower.png,"204,145",1,168,204,0,178,178
satellite.png,"209,161,165,54",1,200,209,0,178,178
modern-radio.png,"75,157,167,50",3,440,75,0,178,178
red-capsules.png,"76,37,181,64",3,460,76,0,178,178
medical-symbol.png,"77,29,175,56",3,470,77,0,178,178
pink-flask.png,"78,35,177,62",3,500,78,0,178,178
floral-skull.png,"131,33,183,60",3,510,131,0,178,178
duck-artwork.png,"134,39,185,66",3,520,134,0,178,178
blue-rubber-duck.png,"136,144,146,173,46",3,530,136,0,178,178
gold-coins.png,"138,31,169,58",3,540,138,0,178,178
vote-token.png,"140,41,164,68",3,550,140,0,178,178
